順号,仕込規模,留日,仕込区分,製法区分,上槽予定,タンク番号,順号,使用区分,日付,白米品種,精米歩合,数量,順号,使用区分,日付,白米品種,精米歩合,数量,順号,使用区分,日付,白米品種,精米歩合,数量,順号,使用区分,日付,白米品種,精米歩合,数量,順号,使用区分,日付,白米品種,精米歩合,数量,順号,使用区分,日付,白米品種,精米歩合,数量,順号,使用区分,日付,白米品種,精米歩合,数量,順号,使用区分,日付,白米品種,精米歩合,数量,順号,使用区分,日付,白米品種,精米歩合,数量
1,854,2024/10/6,にごり酒,普通酒,2024/10/23,288,1,モト麹,2024/9/21,乾燥麹70,70,0,1,モト掛,2024/9/24,こいもみじ70,70,0,1,初麹,2024/9/29,乾燥麹70,70,47,1,初掛,2024/10/2,こいもみじ70,70,90,1,仲麹,2024/10/1,乾燥麹70,70,57,1,仲掛,2024/10/4,こいもみじ70,70,215,1,留麹,2024/10/2,乾燥麹70,70,70,1,留掛,2024/10/5,こいもみじ70,70,305,1,四段,2024/10/21,こいもみじ70,70,70
2,854,2024/10/8,にごり酒,普通酒,2024/10/24,888,2,モト麹,2024/9/23,乾燥麹70,70,0,2,モト掛,2024/9/26,こいもみじ70,70,0,2,初麹,2024/10/1,乾燥麹70,70,47,2,初掛,2024/10/4,こいもみじ70,70,90,2,仲麹,2024/10/3,乾燥麹70,70,57,2,仲掛,2024/10/6,こいもみじ70,70,215,2,留麹,2024/10/4,乾燥麹70,70,70,2,留掛,2024/10/7,こいもみじ70,70,310,2,四段,2024/10/22,こいもみじ70,70,70
3,1200,2024/10/19,純米70,純米酒,2024/11/11,28,3,モト麹,2024/10/5,R5八反錦60,60,25,3,モト掛,2024/10/8,R5八反錦60,60,40,3,初麹,2024/10/12,R5八反錦60,60,55,3,初掛,2024/10/15,R5加工用米70,70,125,3,仲麹,2024/10/14,R5八反錦60,60,75,3,仲掛,2024/10/17,R5加工用米70,70,285,3,留麹,2024/10/15,R5八反錦60,60,90,3,留掛,2024/10/18,R5加工用米70,70,472,3,四段,2024/11/9,R5加工用米70,70,0
4,1200,2024/10/21,純吟60,純米吟醸酒,2024/11/13,225,4,モト麹,2024/10/7,R5八反錦60,60,25,4,モト掛,2024/10/10,R5八反錦60,60,40,4,初麹,2024/10/14,R5八反錦60,60,55,4,初掛,2024/10/17,R5加工用米60,60,125,4,仲麹,2024/10/16,R5八反錦60,60,75,4,仲掛,2024/10/19,R5加工用米60,60,285,4,留麹,2024/10/17,R5八反錦60,60,110,4,留掛,2024/10/20,R5加工用米60,60,490,4,四段,2024/11/11,R5八反錦60,60,30
5,1350,2024/10/23,純米60/65,純米酒,2024/11/15,226,5,モト麹,2024/10/5,R5八反錦60,60,30,5,モト掛,2024/10/9,R5八反錦60,60,50,5,初麹,2024/10/16,R5八反錦60,60,60,5,初掛,2024/10/19,R5雄町3等65,65,140,5,仲麹,2024/10/12,R5八反錦60,60,80,5,仲掛,2024/10/21,R5雄町3等65,65,330,5,留麹,2024/10/19,R5八反錦60,60,120,5,留掛,2024/10/22,R5雄町3等65,65,540,5,四段,2024/11/13,R5八反錦60,60,30
6,1350,2024/10/25,純米60/65,純米酒,2024/11/17,227,6,モト麹,2024/10/7,R5八反錦60,60,30,6,モト掛,2024/10/11,R5八反錦60,60,50,6,初麹,2024/10/18,R5八反錦60,60,60,6,初掛,2024/10/21,R5雄町3等65,65,140,6,仲麹,2024/10/20,R5八反錦60,60,80,6,仲掛,2024/10/23,こいもみじ65,65,330,6,留麹,2024/10/21,R5八反錦60,60,120,6,留掛,2024/10/24,R5雄町3等65,65,540,6,四段,2024/11/15,R5八反錦60,60,30
7,1350,2024/10/27,純米60/65,純米酒,2024/11/19,62,7,モト麹,2024/10/7,R5八反錦60,60,30,7,モト掛,2024/10/11,R5八反錦60,60,50,7,初麹,2024/10/20,R5八反錦60,60,60,7,初掛,2024/10/23,こいもみじ65,65,140,7,仲麹,2024/10/18,R5八反錦60,60,80,7,仲掛,2024/10/25,R5雄町3等65,65,330,7,留麹,2024/10/23,R5八反錦60,60,100,7,留掛,2024/10/26,R5雄町3等65,65,222.5,7,四段,2024/11/17,R5八反錦60,60,30
8,700,2024/10/29,純大八反錦50,純米吟醸酒,2024/11/21,18,8,モト麹,2024/10/11,R5八反錦50,50,15,8,モト掛,2024/10/14,R5八反錦50,50,25,8,初麹,2024/10/22,R5八反錦50,50,35,8,初掛,2024/10/25,R5八反錦50,50,65,8,仲麹,2024/10/22,R5八反錦50,50,45,8,仲掛,2024/10/27,R5八反錦50,50,155,8,留麹,2024/10/22,R5八反錦50,50,60,8,留掛,2024/10/28,R5八反錦50,50,280,8,四段,2024/11/19,R5八反錦50,50,20
9,900,2024/10/31,純吟50/60,純米吟醸酒,2024/11/23,10,9,モト麹,2024/10/11,R5八反錦50,50,20,9,モト掛,2024/10/16,R5兵庫山田錦50,50,30,9,初麹,2024/10/24,R5兵庫山田錦50,50,40,9,初掛,2024/10/27,R5八反錦60,60,95,9,仲麹,2024/10/24,R5兵庫山田錦50,50,55,9,仲掛,2024/10/29,R5八反35号原形60,60,215,9,留麹,2024/10/27,R5兵庫山田錦50,50,80,9,留掛,2024/10/30,R5八反35号原形60,60,307,9,四段,2024/11/21,八反錦60,60,0
10,500,2024/11/2,純大雄町40,純米吟醸酒,2024/11/28,68,10,モト麹,2024/10/15,R5八反錦60,60,10,10,モト掛,2024/10/18,R5岡山雄町40,40,20,10,初麹,2024/10/26,R5岡山雄町40,40,25,10,初掛,2024/10/29,R5岡山雄町40,40,50,10,仲麹,2024/10/26,R5岡山雄町40,40,30,10,仲掛,2024/10/31,R5岡山雄町40,40,120,10,留麹,2024/10/26,R5岡山雄町40,40,30,10,留掛,2024/11/1,R5岡山雄町40,40,205,10,四段,2024/11/26,R5岡山雄町40,40,0
11,600,2024/11/4,純大雄町50,純米吟醸酒,2024/11/30,263,11,モト麹,2024/10/15,R5八反錦60,60,12,11,モト掛,2024/10/18,R5岡山雄町50,50,23,11,初麹,2024/10/28,R5岡山雄町50,50,30,11,初掛,2024/10/31,R5岡山雄町50,50,60,11,仲麹,2024/10/28,R5岡山雄町50,50,40,11,仲掛,2024/11/2,R5岡山雄町50,50,140,11,留麹,2024/10/31,R5岡山雄町50,50,40,11,留掛,2024/11/3,R5岡山雄町50,50,255,11,四段,2024/11/28,R5岡山雄町50,50,0
12,500,2024/11/6,純吟50/60(萌えいぶき)原形,純米吟醸酒,2024/11/29,262,12,モト麹,2024/10/19,R5八反錦60,60,10,12,モト掛,2024/10/22,R5八反錦60,60,20,12,初麹,2024/10/30,R5兵庫山田錦50,50,25,12,初掛,2024/11/2,R5萌えいぶき原形60,60,50,12,仲麹,2024/10/30,R5兵庫山田錦50,50,30,12,仲掛,2024/11/4,R5萌えいぶき原形60,60,120,12,留麹,2024/10/30,R5兵庫山田錦50,50,40,12,留掛,2024/11/5,R5萌えいぶき原形60,60,205,12,四段,2024/11/27,R5萌えいぶき原形60,60,50
13,900,2024/11/8,純吟50/60,純米吟醸酒,2024/12/1,288,13,モト麹,2024/10/21,R5八反錦60,60,20,13,モト掛,2024/10/24,R5八反錦60,60,30,13,初麹,2024/10/30,R5兵庫山田錦50,50,40,13,初掛,2024/11/4,R5萌えいぶき原形60,60,95,13,仲麹,2024/11/3,R5兵庫山田錦50,50,55,13,仲掛,2024/11/6,R5萌えいぶき原形60,60,215,13,留麹,2024/11/4,R5兵庫山田錦50,50,80,13,留掛,2024/11/7,R5萌えいぶき原形60,60,345,13,四段,2024/11/29,R5千本錦原形60,60,20
14,1350,2024/11/10,純吟50/60,純米吟醸酒,2024/12/3,63,14,モト麹,2024/10/23,R5八反錦60,60,30,14,モト掛,2024/10/26,R5八反錦60,60,50,14,初麹,2024/11/3,R5兵庫山田錦50,50,60,14,初掛,2024/11/6,R5千本錦原形60,60,140,14,仲麹,2024/11/5,R5兵庫山田錦50,50,80,14,仲掛,2024/11/8,R5千本錦原形60,60,330,14,留麹,2024/11/6,R5兵庫山田錦50,50,120,14,留掛,2024/11/9,R5千本錦原形60,60,536,14,四段,2024/12/1,R5千本錦原形60,60,30
15,1350,2024/11/12,純吟50/60,純米吟醸酒,2024/12/5,19,15,モト麹,2024/10/24,R5兵庫山田錦50,50,30,15,モト掛,2024/10/28,R5八反錦60,60,50,15,初麹,2024/11/5,R5兵庫山田錦50,50,60,15,初掛,2024/11/8,R5千本錦原形60,60,140,15,仲麹,2024/11/2,R5兵庫山田錦50,50,80,15,仲掛,2024/11/10,R5千本錦原形60,60,330,15,留麹,2024/11/8,R5兵庫山田錦50,50,100,15,留掛,2024/11/11,R5千本錦原形60,60,536,15,四段,2024/12/3,R5千本錦原形60,60,30
16,1350,2024/11/14,純大雄町50,純米吟醸酒,2024/12/11,64,16,モト麹,2024/10/28,R5岡山雄町50,50,30,16,モト掛,2024/10/31,R5岡山雄町50,50,50,16,初麹,2024/11/7,R5岡山雄町50,50,60,16,初掛,2024/11/10,R5岡山雄町50,50,140,16,仲麹,2024/11/9,R5岡山雄町50,50,80,16,仲掛,2024/11/12,R5岡山雄町50,50,330,16,留麹,2024/11/10,R5岡山雄町50,50,90,16,留掛,2024/11/13,R5岡山雄町50,50,550,16,四段,2024/12/9,R5岡山雄町50,50,0
17,1350,2024/11/16,純大雄町50,純米吟醸酒,2024/12/12,6,17,モト麹,2024/10/28,R5岡山雄町50,50,30,17,モト掛,2024/11/1,R5岡山雄町50,50,50,17,初麹,2024/11/9,R5岡山雄町50,50,60,17,初掛,2024/11/12,R5岡山雄町50,50,140,17,仲麹,2024/11/7,R5岡山雄町50,50,80,17,仲掛,2024/11/14,R5岡山雄町50,50,330,17,留麹,2024/11/12,R5岡山雄町50,50,90,17,留掛,2024/11/15,R5岡山雄町50,50,552,17,四段,2024/12/10,R5岡山雄町50,50,0
18,1350,2024/11/20,純吟山田錦50/55,純米吟醸酒,2024/12/13,28,18,モト麹,2024/11/2,R5兵庫山田錦50,50,30,18,モト掛,2024/11/5,R5兵庫山田錦50,50,50,18,初麹,2024/11/13,R5兵庫山田錦50,50,60,18,初掛,2024/11/16,R5岡山山田錦55,55,140,18,仲麹,2024/11/13,R5兵庫山田錦50,50,80,18,仲掛,2024/11/18,R5岡山山田錦55,55,330,18,留麹,2024/11/16,R5兵庫山田錦50,50,120,18,留掛,2024/11/19,R5岡山山田錦55,55,523,18,四段,2024/12/11,R5岡山山田錦55,55,30
19,1220,2024/11/22,特純13度60,純米吟醸酒,2024/12/15,225,19,モト麹,2024/11/4,R5兵庫山田錦50,50,25,19,モト掛,2024/11/7,R5兵庫山田錦50,50,40,19,初麹,2024/11/15,R5岡山山田錦60,60,55,19,初掛,2024/11/18,R5岡山山田錦60,60,115,19,仲麹,2024/11/17,R5岡山山田錦60,60,70,19,仲掛,2024/11/20,R5岡山山田錦60,60,270,19,留麹,2024/11/18,R5岡山山田錦60,60,100,19,留掛,2024/11/21,R5岡山山田錦60,60,425,19,四段,2024/12/13,R5岡山山田錦60,60,120
20,1220,2024/11/24,特純13度60,純米吟醸酒,2024/12/17,226,20,モト麹,2024/11/6,R5兵庫山田錦50,50,25,20,モト掛,2024/11/9,R5兵庫山田錦50,50,40,20,初麹,2024/11/17,R5岡山山田錦60,60,55,20,初掛,2024/11/20,R5岡山山田錦60,60,115,20,仲麹,2024/11/15,R5岡山山田錦60,60,70,20,仲掛,2024/11/22,R5岡山山田錦60,60,270,20,留麹,2024/11/20,R5岡山山田錦60,60,100,20,留掛,2024/11/23,R5岡山山田錦60,60,236,20,四段,2024/12/15,R5岡山山田錦60,60,120
21,1350,2024/11/26,純米60/65,純米酒,2024/12/19,227,21,モト麹,2024/11/8,R5兵庫山田錦50,50,30,21,モト掛,2024/11/11,R5八反錦60,60,50,21,初麹,2024/11/19,R5八反錦60,60,60,21,初掛,2024/11/22,加工用米65,65,140,21,仲麹,2024/11/21,R5八反錦60,60,80,21,仲掛,2024/11/24,加工用米65,65,330,21,留麹,2024/11/22,R5八反錦60,60,120,21,留掛,2024/11/25,加工用米65,65,540,21,四段,2024/12/17,加工用米65,65,30
22,1350,2024/11/28,純米60/65,純米酒,2024/12/21,62,22,モト麹,2024/11/10,R5岡山雄町50,50,30,22,モト掛,2024/11/14,R5八反錦60,60,50,22,初麹,2024/11/21,R5八反錦60,60,60,22,初掛,2024/11/24,加工用米原形65,65,140,22,仲麹,2024/11/19,R5八反錦60,60,80,22,仲掛,2024/11/26,加工用米原形65,65,330,22,留麹,2024/11/24,R5八反錦60,60,120,22,留掛,2024/11/27,加工用米原形65,65,540,22,四段,2024/12/19,加工用米原形65,65,30
23,900,2024/11/30,純大八反錦45,純米吟醸酒,2024/12/23,18,23,モト麹,2024/11/12,R5岡山雄町50,50,20,23,モト掛,2024/11/16,八反錦45,45,30,23,初麹,2024/11/23,八反錦45,45,40,23,初掛,2024/11/26,八反錦45,45,95,23,仲麹,2024/11/23,八反錦45,45,55,23,仲掛,2024/11/28,八反錦45,45,215,23,留麹,2024/11/26,八反錦45,45,80,23,留掛,2024/11/29,八反錦45,45,383,23,四段,2024/12/21,八反錦45,45,20
24,750,2024/12/2,大吟40/50,吟醸酒,2024/12/29,10,24,モト麹,2024/11/14,R5兵庫山田錦40,40,15,24,モト掛,2024/11/17,R5兵庫山田錦50,50,25,24,初麹,2024/11/25,R5兵庫山田錦40,40,35,24,初掛,2024/11/28,R5兵庫山田錦50,50,75,24,仲麹,2024/11/27,R5兵庫山田錦40,40,45,24,仲掛,2024/11/30,R5兵庫山田錦50,50,175,24,留麹,2024/11/28,R5兵庫山田錦40,40,60,24,留掛,2024/12/1,R5兵庫山田錦50,50,345,24,四段,2024/12/27,兵庫山田錦50,50,0
25,600,2024/12/4,大吟40,吟醸酒,2024/12/31,68,25,モト麹,2024/11/14,R5兵庫山田錦40,40,12,25,モト掛,2024/11/17,兵庫山田錦40,40,23,25,初麹,2024/11/27,R5兵庫山田錦40,40,30,25,初掛,2024/11/30,兵庫山田錦40,40,60,25,仲麹,2024/11/29,R5兵庫山田錦40,40,40,25,仲掛,2024/12/2,兵庫山田錦40,40,140,25,留麹,2024/11/30,R5兵庫山田錦40,40,50,25,留掛,2024/12/3,兵庫山田錦40,40,252,25,四段,2024/12/29,兵庫山田錦40,40,0
26,700,2024/12/6,大吟40,吟醸酒,2025/1/2,262,26,モト麹,2024/11/14,R5兵庫山田錦40,40,15,26,モト掛,2024/11/21,兵庫山田錦40,40,25,26,初麹,2024/11/29,R5兵庫山田錦40,40,35,26,初掛,2024/12/2,兵庫山田錦40,40,65,26,仲麹,2024/11/25,R5兵庫山田錦40,40,45,26,仲掛,2024/12/4,兵庫山田錦40,40,155,26,留麹,2024/11/30,R5兵庫山田錦40,40,60,26,留掛,2024/12/5,兵庫山田錦40,40,320,26,四段,2024/12/31,兵庫山田錦40,40,0
27,700,2024/12/8,純吟50/60(千本錦)原形,純米吟醸酒,2024/12/30,288,27,モト麹,2024/11/16,R5兵庫山田錦50,50,15,27,モト掛,2024/11/23,兵庫山田錦50,50,25,27,初麹,2024/12/1,兵庫山田錦50,50,35,27,初掛,2024/12/4,R5千本錦原形60,60,65,27,仲麹,2024/12/1,兵庫山田錦50,50,45,27,仲掛,2024/12/6,R5千本錦原形60,60,155,27,留麹,2024/12/4,兵庫山田錦50,50,60,27,留掛,2024/12/7,R5千本錦原形60,60,300,27,四段,2024/12/28,R5千本錦原形60,60,70
28,600,2024/12/10,純吟雄町(元平)60原形,純米吟醸酒,2025/1/4,263,28,モト麹,2024/11/22,R5八反錦60,60,12,28,モト掛,2024/11/25,R5岡山雄町GAP60,60,23,28,初麹,2024/12/3,R5岡山雄町GAP60,60,30,28,初掛,2024/12/6,岡山雄町(GAP)原形60,60,60,28,仲麹,2024/12/3,R5岡山雄町GAP60,60,40,28,仲掛,2024/12/8,岡山雄町(GAP)原形60,60,140,28,留麹,2024/12/3,R5岡山雄町GAP60,60,50,28,留掛,2024/12/9,岡山雄町(GAP)原形60,60,232,28,四段,2025/1/2,R5岡山雄町GAP60,60,58
29,900,2024/12/12,純米八反錦65,純米吟醸酒,2025/1/6,888,29,モト麹,2024/11/24,R5八反錦60,60,20,29,モト掛,2024/11/27,八反錦60,60,30,29,初麹,2024/12/5,八反錦65,65,40,29,初掛,2024/12/8,八反錦原形65,65,95,29,仲麹,2024/12/5,八反錦65,65,55,29,仲掛,2024/12/10,八反錦原形65,65,215,29,留麹,2024/12/8,八反錦65,65,80,29,留掛,2024/12/11,八反錦原形65,65,365,29,四段,2025/1/4,八反錦原形65,65,20
30,1350,2024/12/16,純大山田錦50,純米吟醸酒,2025/1/10,63,30,モト麹,2024/11/28,R5兵庫山田錦40,40,30,30,モト掛,2024/12/1,兵庫山田錦50,50,50,30,初麹,2024/12/9,兵庫山田錦50,50,60,30,初掛,2024/12/12,兵庫山田錦50,50,140,30,仲麹,2024/12/11,兵庫山田錦50,50,80,30,仲掛,2024/12/14,兵庫山田錦50,50,330,30,留麹,2024/12/12,兵庫山田錦50,50,120,30,留掛,2024/12/15,兵庫山田錦50,50,540,30,四段,2025/1/8,兵庫山田錦50,50,0
31,1200,2024/12/18,純大山田錦50,純米吟醸酒,2025/1/11,19,31,モト麹,2024/12/1,兵庫山田錦50,50,25,31,モト掛,2024/12/4,兵庫山田錦50,50,45,31,初麹,2024/12/11,兵庫山田錦50,50,55,31,初掛,2024/12/14,兵庫山田錦50,50,125,31,仲麹,2024/12/9,兵庫山田錦50,50,75,31,仲掛,2024/12/16,兵庫山田錦50,50,285,31,留麹,2024/12/14,兵庫山田錦50,50,110,31,留掛,2024/12/17,兵庫山田錦50,50,480,31,四段,2025/1/9,兵庫山田錦50,50,0
32,1350,2024/12/20,純米60/65,純米酒,2025/1/12,64,32,モト麹,2024/12/2,八反錦60,60,30,32,モト掛,2024/12/5,八反錦60,60,50,32,初麹,2024/12/13,八反錦60,60,60,32,初掛,2024/12/16,加工用米65,65,140,32,仲麹,2024/12/15,八反錦60,60,80,32,仲掛,2024/12/18,加工用米65,65,330,32,留麹,2024/12/16,八反錦60,60,120,32,留掛,2024/12/19,加工用米65,65,540,32,四段,2025/1/10,加工用米65,65,30
33,1350,2024/12/22,純米60/65,純米酒,2025/1/14,6,33,モト麹,2024/12/2,八反錦60,60,30,33,モト掛,2024/12/7,八反錦60,60,50,33,初麹,2024/12/15,八反錦60,60,60,33,初掛,2024/12/18,加工用米原形65,65,140,33,仲麹,2024/12/13,八反錦60,60,80,33,仲掛,2024/12/20,加工用米原形65,65,330,33,留麹,2024/12/18,八反錦60,60,100,33,留掛,2024/12/21,加工用米原形65,65,540,33,四段,2025/1/12,加工用米原形65,65,30
34,1220,2024/12/24,特純13度60,純米吟醸酒,2025/1/16,28,34,モト麹,2024/12/4,兵庫山田錦50,50,25,34,モト掛,2024/12/9,兵庫山田錦50,50,40,34,初麹,2024/12/17,R5岡山山田錦60,60,55,34,初掛,2024/12/20,R5岡山山田錦60,60,115,34,仲麹,2024/12/17,R5岡山山田錦60,60,70,34,仲掛,2024/12/22,R5岡山山田錦60,60,270,34,留麹,2024/12/20,R5岡山山田錦60,60,100,34,留掛,2024/12/23,R5岡山山田錦60,60,425,34,四段,2025/1/14,R5岡山山田錦60,60,120
35,1200,2024/12/26,純米八反錦65,純米酒,2025/1/18,225,35,モト麹,2024/12/2,八反錦60,60,25,35,モト掛,2024/12/11,八反錦60,60,45,35,初麹,2024/12/19,八反錦65,65,55,35,初掛,2024/12/22,八反錦65,65,125,35,仲麹,2024/12/21,八反錦65,65,75,35,仲掛,2024/12/24,八反錦65,65,285,35,留麹,2024/12/22,八反錦65,65,90,35,留掛,2024/12/25,八反錦65,65,485,35,四段,2025/1/16,八反錦65,65,10
36,1200,2024/12/28,純米八反錦65,純米酒,2025/1/20,226,36,モト麹,2024/12/10,八反錦(未希米)60,60,25,36,モト掛,2024/12/13,八反錦60,60,45,36,初麹,2024/12/21,八反錦65,65,55,36,初掛,2024/12/24,八反錦原形65,65,125,36,仲麹,2024/12/19,八反錦65,65,75,36,仲掛,2024/12/26,八反錦原形65,65,285,36,留麹,2024/12/24,八反錦65,65,110,36,留掛,2024/12/27,八反錦原形65,65,464,36,四段,2025/1/18,八反錦原形65,65,26
37,1350,2024/12/30,純吟八反錦(未希米)60,純米吟醸酒,2025/1/22,227,37,モト麹,2024/12/10,八反錦(未希米)60,60,30,37,モト掛,2024/12/15,八反錦(未希米)60,60,50,37,初麹,2024/12/23,八反錦(未希米)60,60,60,37,初掛,2024/12/26,八反錦(未希米)60,60,140,37,仲麹,2024/12/23,八反錦(未希米)60,60,80,37,仲掛,2024/12/28,八反錦(未希米)60,60,330,37,留麹,2024/12/26,八反錦(未希米)60,60,110,37,留掛,2024/12/29,八反錦(未希米)60,60,520,37,四段,2025/1/20,八反錦(未希米)60,60,29
38,1000,2025/1/7,純大雄町50,純米吟醸酒,2025/2/3,288,38,モト麹,2024/12/18,八反錦60,60,20,38,モト掛,2024/12/21,岡山雄町50,50,35,38,初麹,2024/12/27,岡山雄町50,50,45,38,初掛,2025/1/3,岡山雄町50,50,105,38,仲麹,2025/1/2,岡山雄町50,50,60,38,仲掛,2025/1/5,岡山雄町50,50,240,38,留麹,2025/1/3,岡山雄町50,50,60,38,留掛,2025/1/6,岡山雄町50,50,440,38,四段,2025/2/1,岡山雄町50,50,0
39,1000,2025/1/9,純大雄町50,純米吟醸酒,2025/2/5,62,39,モト麹,2024/12/18,八反錦60,60,20,39,モト掛,2024/12/21,岡山雄町50,50,35,39,初麹,2025/1/2,岡山雄町50,50,45,39,初掛,2025/1/5,岡山雄町50,50,105,39,仲麹,2025/1/3,岡山雄町50,50,60,39,仲掛,2025/1/7,岡山雄町50,50,240,39,留麹,2025/1/5,岡山雄町50,50,30,39,留掛,2025/1/8,岡山雄町50,50,400,39,四段,2025/2/3,岡山雄町50,50,0
40,750,2025/1/11,大吟40,吟醸酒,2025/2/8,18,40,モト麹,2024/12/22,兵庫山田錦35,35,15,40,モト掛,2024/12/25,兵庫山田錦35,35,25,40,初麹,2025/1/4,兵庫山田錦35,35,35,40,初掛,2025/1/7,兵庫山田錦40,40,75,40,仲麹,2025/1/6,兵庫山田錦35,35,45,40,仲掛,2025/1/9,兵庫山田錦40,40,175,40,留麹,2025/1/6,兵庫山田錦35,35,60,40,留掛,2025/1/10,兵庫山田錦40,40,325,40,四段,2025/2/6,兵庫山田錦40,40,0
41,700,2025/1/13,大吟40,吟醸酒,2025/2/9,10,41,モト麹,2024/12/22,兵庫山田錦35,35,15,41,モト掛,2024/12/25,兵庫山田錦35,35,25,41,初麹,2025/1/4,兵庫山田錦35,35,35,41,初掛,2025/1/9,兵庫山田錦40,40,65,41,仲麹,2025/1/8,兵庫山田錦35,35,45,41,仲掛,2025/1/11,兵庫山田錦40,40,155,41,留麹,2025/1/9,兵庫山田錦35,35,60,41,留掛,2025/1/12,兵庫山田錦40,40,311,41,四段,2025/2/7,兵庫山田錦40,40,0
42,1350,2025/1/15,吟醸60,吟醸酒,2025/2/7,63,42,モト麹,2024/12/26,八反錦(未希米)60,60,30,42,モト掛,2024/12/29,八反錦60,60,50,42,初麹,2025/1/7,八反錦60,60,60,42,初掛,2025/1/11,加工用米60,60,140,42,仲麹,2025/1/10,八反錦60,60,80,42,仲掛,2025/1/13,加工用米60,60,330,42,留麹,2025/1/11,八反錦60,60,110,42,留掛,2025/1/14,加工用米60,60,526,42,四段,2025/2/5,加工用米60,60,70
43,600,2025/1/17,純大山田錦40,純米吟醸酒,2025/2/13,68,43,モト麹,2024/12/28,兵庫山田錦35,35,12,43,モト掛,2025/1/2,兵庫山田錦35,35,23,43,初麹,2025/1/8,兵庫山田錦35,35,30,43,初掛,2025/1/13,兵庫山田錦40,40,60,43,仲麹,2025/1/12,兵庫山田錦35,35,40,43,仲掛,2025/1/15,兵庫山田錦40,40,140,43,留麹,2025/1/13,兵庫山田錦35,35,50,43,留掛,2025/1/16,兵庫山田錦40,40,255,43,四段,2025/2/11,兵庫山田錦40,40,0
44,400,2025/1/19,純大山田錦35,純米吟醸酒,2025/2/15,264,44,モト麹,2024/12/28,兵庫山田錦35,35,10,44,モト掛,2025/1/2,兵庫山田錦35,35,15,44,初麹,2025/1/12,兵庫山田錦35,35,20,44,初掛,2025/1/15,兵庫山田錦35,35,45,44,仲麹,2025/1/14,兵庫山田錦35,35,25,44,仲掛,2025/1/17,兵庫山田錦35,35,105,44,留麹,2025/1/13,兵庫山田錦35,35,35,44,留掛,2025/1/18,兵庫山田錦35,35,155,44,四段,2025/2/13,兵庫山田錦35,35,0
45,500,2025/1/21,大吟35,吟醸酒,2025/2/17,262,45,モト麹,2024/12/28,兵庫山田錦35,35,10,45,モト掛,2025/1/4,兵庫山田錦35,35,20,45,初麹,2025/1/14,兵庫山田錦35,35,25,45,初掛,2025/1/17,兵庫山田錦35,35,50,45,仲麹,2025/1/16,兵庫山田錦35,35,30,45,仲掛,2025/1/19,兵庫山田錦35,35,120,45,留麹,2025/1/17,兵庫山田錦35,35,40,45,留掛,2025/1/20,兵庫山田錦35,35,205,45,四段,2025/2/15,兵庫山田錦35,35,0
46,700,2025/1/23,大吟35,吟醸酒,2025/2/19,263,46,モト麹,2024/12/28,兵庫山田錦35,35,15,46,モト掛,2025/1/6,兵庫山田錦35,35,25,46,初麹,2025/1/16,兵庫山田錦35,35,35,46,初掛,2025/1/19,兵庫山田錦35,35,65,46,仲麹,2025/1/17,兵庫山田錦35,35,45,46,仲掛,2025/1/21,兵庫山田錦35,35,155,46,留麹,2025/1/19,兵庫山田錦35,35,60,46,留掛,2025/1/22,兵庫山田錦35,35,300,46,四段,2025/2/17,兵庫山田錦35,35,0
47,1000,2025/1/25,純大愛山50,純米吟醸酒,2025/2/20,888,47,モト麹,2025/1/5,岡山雄町50,50,20,47,モト掛,2025/1/8,兵庫愛山50,50,35,47,初麹,2025/1/18,兵庫愛山50,50,45,47,初掛,2025/1/21,兵庫愛山50,50,105,47,仲麹,2025/1/20,兵庫愛山50,50,60,47,仲掛,2025/1/23,兵庫愛山50,50,240,47,留麹,2025/1/21,兵庫愛山50,50,70,47,留掛,2025/1/24,兵庫愛山50,50,430,47,四段,2025/2/18,兵庫愛山50,50,0
48,1000,2025/1/27,純大愛山50,純米吟醸酒,2025/2/21,19,48,モト麹,2025/1/5,岡山雄町50,50,20,48,モト掛,2025/1/8,兵庫愛山50,50,35,48,初麹,2025/1/20,兵庫愛山50,50,45,48,初掛,2025/1/23,兵庫愛山50,50,105,48,仲麹,2025/1/18,兵庫愛山50,50,60,48,仲掛,2025/1/25,兵庫愛山50,50,240,48,留麹,2025/1/21,兵庫愛山50,50,35,48,留掛,2025/1/26,兵庫愛山50,50,430,48,四段,2025/2/19,兵庫愛山50,50,0
49,1350,2025/1/29,純吟60,純米吟醸酒,2025/2/22,64,49,モト麹,2025/1/7,八反錦60,60,30,49,モト掛,2025/1/12,八反錦60,60,50,49,初麹,2025/1/22,八反錦60,60,60,49,初掛,2025/1/25,加工用米60,60,140,49,仲麹,2025/1/24,八反錦60,60,80,49,仲掛,2025/1/27,加工用米60,60,330,49,留麹,2025/1/25,八反錦60,60,110,49,留掛,2025/1/28,加工用米60,60,527,49,四段,2025/2/20,加工用米60,60,30
50,1350,2025/1/31,純吟60,純米吟醸酒,2025/2/23,6,50,モト麹,2025/1/7,八反錦60,60,30,50,モト掛,2025/1/14,八反錦60,60,50,50,初麹,2025/1/24,八反錦60,60,60,50,初掛,2025/1/27,加工用米60,60,140,50,仲麹,2025/1/26,八反錦60,60,80,50,仲掛,2025/1/29,加工用米60,60,330,50,留麹,2025/1/27,八反錦60,60,120,50,留掛,2025/1/30,加工用米60,60,540,50,四段,2025/2/21,加工用米60,60,30
51,1350,2025/2/2,純吟60,純米吟醸酒,2025/2/25,28,51,モト麹,2025/1/11,八反錦60,60,30,51,モト掛,2025/1/16,八反錦60,60,50,51,初麹,2025/1/26,八反錦60,60,60,51,初掛,2025/1/29,加工用米60,60,140,51,仲麹,2025/1/22,八反錦60,60,80,51,仲掛,2025/1/31,加工用米60,60,330,51,留麹,2025/1/29,八反錦60,60,120,51,留掛,2025/2/1,加工用米60,60,527,51,四段,2025/2/23,加工用米60,60,30
52,1220,2025/2/4,特純13度60,純米吟醸酒,2025/2/27,225,52,モト麹,2025/1/15,兵庫山田錦50,50,25,52,モト掛,2025/1/18,兵庫山田錦50,50,40,52,初麹,2025/1/28,岡山山田錦60,60,55,52,初掛,2025/1/31,岡山山田錦60,60,115,52,仲麹,2025/1/28,岡山山田錦60,60,70,52,仲掛,2025/2/2,岡山山田錦60,60,270,52,留麹,2025/1/31,岡山山田錦60,60,100,52,留掛,2025/2/3,岡山山田錦60,60,431,52,四段,2025/2/25,岡山山田錦60,60,120
53,1200,2025/2/8,純大千本錦50,純米吟醸酒,2025/3/5,226,53,モト麹,2025/1/15,兵庫山田錦50,50,25,53,モト掛,2025/1/22,兵庫山田錦50,50,45,53,初麹,2025/2/1,兵庫山田錦50,50,55,53,初掛,2025/2/4,千本錦50,50,125,53,仲麹,2025/2/3,兵庫山田錦50,50,75,53,仲掛,2025/2/6,千本錦50,50,285,53,留麹,2025/2/4,兵庫山田錦50,50,110,53,留掛,2025/2/7,千本錦50,50,480,53,四段,2025/3/3,千本錦50,50,30
54,1200,2025/2/10,純大千本錦50,純米吟醸酒,2025/3/7,227,54,モト麹,2025/1/15,兵庫山田錦50,50,25,54,モト掛,2025/1/24,兵庫山田錦50,50,45,54,初麹,2025/2/3,兵庫山田錦50,50,55,54,初掛,2025/2/6,千本錦50,50,125,54,仲麹,2025/2/5,兵庫山田錦50,50,75,54,仲掛,2025/2/8,千本錦50,50,285,54,留麹,2025/2/6,兵庫山田錦50,50,110,54,留掛,2025/2/9,千本錦50,50,480,54,四段,2025/3/5,千本錦50,50,30
55,1200,2025/2/12,純大千本錦50,純米吟醸酒,2025/3/8,62,55,モト麹,2025/1/15,兵庫山田錦50,50,25,55,モト掛,2025/1/26,兵庫山田錦50,50,45,55,初麹,2025/2/5,兵庫山田錦50,50,55,55,初掛,2025/2/8,千本錦50,50,125,55,仲麹,2025/2/7,兵庫山田錦50,50,75,55,仲掛,2025/2/10,千本錦50,50,285,55,留麹,2025/2/8,兵庫山田錦50,50,110,55,留掛,2025/2/11,千本錦50,50,480,55,四段,2025/3/6,千本錦50,50,30
56,1350,2025/2/14,純吟山田錦50/55,純米吟醸酒,2025/3/9,63,56,モト麹,2025/1/25,八反錦60,60,30,56,モト掛,2025/1/28,兵庫山田錦50,50,50,56,初麹,2025/2/7,兵庫山田錦50,50,60,56,初掛,2025/2/10,広島山田錦55,55,140,56,仲麹,2025/2/1,兵庫山田錦50,50,80,56,仲掛,2025/2/12,広島山田錦55,55,330,56,留麹,2025/2/10,兵庫山田錦50,50,120,56,留掛,2025/2/13,広島山田錦55,55,540,56,四段,2025/3/7,広島山田錦55,55,46
57,900,2025/2/16,純大八反錦45,純米吟醸酒,2025/3/12,18,57,モト麹,2025/1/27,八反錦60,60,20,57,モト掛,2025/1/30,八反錦45,45,30,57,初麹,2025/2/9,八反錦45,45,40,57,初掛,2025/2/12,八反錦45,45,95,57,仲麹,2025/2/9,八反錦45,45,55,57,仲掛,2025/2/14,八反錦45,45,215,57,留麹,2025/2/12,八反錦45,45,80,57,留掛,2025/2/15,八反錦45,45,353,57,四段,2025/3/10,八反錦45,45,20
58,600,2025/2/18,純吟雄町(元平)60原形,純米吟醸酒,2025/3/13,10,58,モト麹,2025/1/29,八反錦60,60,12,58,モト掛,2025/2/1,岡山雄町(GAP)60,60,23,58,初麹,2025/2/11,R5岡山雄町GAP60,60,30,58,初掛,2025/2/14,岡山雄町(GAP)原形60,60,60,58,仲麹,2025/2/11,R5岡山雄町GAP60,60,40,58,仲掛,2025/2/16,岡山雄町(GAP)原形60,60,140,58,留麹,2025/2/11,R5岡山雄町GAP60,60,50,58,留掛,2025/2/17,岡山雄町(GAP)原形60,60,232,58,四段,2025/3/11,岡山雄町(GAP)60,60,60
59,500,2025/2/20,純吟雄町(元平)60,純米吟醸酒,2025/3/15,68,59,モト麹,2025/1/31,岡山山田錦60,60,10,59,モト掛,2025/2/3,岡山雄町(GAP)60,60,20,59,初麹,2025/2/13,R5岡山雄町GAP60,60,25,59,初掛,2025/2/16,岡山雄町(GAP)60,60,50,59,仲麹,2025/2/13,R5岡山雄町GAP60,60,30,59,仲掛,2025/2/18,岡山雄町(GAP)60,60,120,59,留麹,2025/2/13,R5岡山雄町GAP60,60,31,59,留掛,2025/2/19,岡山雄町(GAP)60,60,235,59,四段,2025/3/13,岡山雄町(GAP)60,60,55
60,700,2025/2/22,純吟50/60(山田錦)原形,純米吟醸酒,2025/3/17,288,60,モト麹,2025/1/31,岡山山田錦60,60,15,60,モト掛,2025/2/5,兵庫山田錦50,50,25,60,初麹,2025/2/15,兵庫山田錦50,50,35,60,初掛,2025/2/18,広島山田錦原形60,60,65,60,仲麹,2025/2/17,兵庫山田錦50,50,45,60,仲掛,2025/2/20,広島山田錦原形60,60,155,60,留麹,2025/2/18,兵庫山田錦50,50,60,60,留掛,2025/2/21,広島山田錦原形60,60,304,60,四段,2025/3/15,広島山田錦原形60,60,70
61,700,2025/2/24,純吟50/60(八反35号)原形,純米吟醸酒,2025/3/19,262,61,モト麹,2025/1/31,岡山山田錦60,60,15,61,モト掛,2025/2/5,兵庫山田錦50,50,25,61,初麹,2025/2/17,兵庫山田錦50,50,35,61,初掛,2025/2/20,八反35号原形60,60,65,61,仲麹,2025/2/19,兵庫山田錦50,50,45,61,仲掛,2025/2/22,八反35号原形60,60,155,61,留麹,2025/2/20,兵庫山田錦50,50,60,61,留掛,2025/2/23,八反35号原形60,60,304,61,四段,2025/3/17,八反35号原形60,60,70
62,700,2025/2/26,純吟50/60(こいおまち)原形,純米吟醸酒,2025/3/21,263,62,モト麹,2025/2/6,兵庫山田錦50,50,15,62,モト掛,2025/2/9,兵庫山田錦50,50,25,62,初麹,2025/2/19,兵庫山田錦50,50,35,62,初掛,2025/2/22,こいおまち原形60,60,65,62,仲麹,2025/2/18,兵庫山田錦50,50,45,62,仲掛,2025/2/24,こいおまち原形60,60,155,62,留麹,2025/2/19,兵庫山田錦50,50,30,62,留掛,2025/2/25,こいおまち原形60,60,304,62,四段,2025/3/19,こいおまち原形60,60,70
63,900,2025/2/28,純吟50/60,純米吟醸酒,2025/3/23,888,63,モト麹,2025/2/8,兵庫山田錦50,50,20,63,モト掛,2025/2/11,八反錦60,60,30,63,初麹,2025/2/21,兵庫山田錦50,50,40,63,初掛,2025/2/24,八反錦60,60,95,63,仲麹,2025/2/23,兵庫山田錦50,50,55,63,仲掛,2025/2/26,八反錦60,60,215,63,留麹,2025/2/24,兵庫山田錦50,50,80,63,留掛,2025/2/27,八反錦60,60,365,63,四段,2025/3/21,八反錦60,60,20
64,1350,2025/3/2,純吟50/60,純米吟醸酒,2025/3/25,19,64,モト麹,2025/2/10,兵庫山田錦50,50,30,64,モト掛,2025/2/13,八反錦60,60,50,64,初麹,2025/2/23,兵庫山田錦50,50,60,64,初掛,2025/2/26,八反錦60,60,140,64,仲麹,2025/2/25,兵庫山田錦50,50,80,64,仲掛,2025/2/28,八反錦60,60,330,64,留麹,2025/2/26,兵庫山田錦50,50,120,64,留掛,2025/3/1,八反錦60,60,540,64,四段,2025/3/23,八反錦60,60,30
65,1350,2025/3/4,純吟50/60,純米吟醸酒,2025/3/27,64,65,モト麹,2025/2/12,八反錦45,45,30,65,モト掛,2025/2/15,八反錦60,60,50,65,初麹,2025/2/25,兵庫山田錦50,50,60,65,初掛,2025/2/28,八反錦原形60,60,140,65,仲麹,2025/2/27,兵庫山田錦50,50,80,65,仲掛,2025/3/2,八反錦原形60,60,330,65,留麹,2025/2/28,兵庫山田錦50,50,120,65,留掛,2025/3/3,八反錦原形60,60,532,65,四段,2025/3/25,八反錦原形60,60,0
66,1350,2025/3/6,純吟50/60,純米吟醸酒,2025/3/29,6,66,モト麹,2025/2/15,兵庫山田錦50,50,30,66,モト掛,2025/2/18,八反錦60,60,50,66,初麹,2025/2/27,兵庫山田錦50,50,60,66,初掛,2025/3/2,八反錦原形60,60,140,66,仲麹,2025/2/21,兵庫山田錦50,50,80,66,仲掛,2025/3/4,八反錦原形60,60,330,66,留麹,2025/3/2,兵庫山田錦50,50,120,66,留掛,2025/3/5,八反錦原形60,60,532,66,四段,2025/3/27,八反錦原形60,60,30
67,1350,2025/3/8,純大雄町50,純米吟醸酒,2025/4/2,28,67,モト麹,2025/2/16,岡山雄町50,50,30,67,モト掛,2025/2/19,岡山雄町50,50,50,67,初麹,2025/3/1,岡山雄町50,50,60,67,初掛,2025/3/4,岡山雄町50,50,140,67,仲麹,2025/3/3,岡山雄町50,50,80,67,仲掛,2025/3/6,岡山雄町50,50,330,67,留麹,2025/3/4,岡山雄町50,50,90,67,留掛,2025/3/7,岡山雄町50,50,570,67,四段,2025/3/31,岡山雄町50,50,0
68,1350,2025/3/10,純大雄町50,純米吟醸酒,2025/4/4,225,68,モト麹,2025/2/16,岡山雄町50,50,30,68,モト掛,2025/2/21,岡山雄町50,50,50,68,初麹,2025/3/3,岡山雄町50,50,60,68,初掛,2025/3/6,岡山雄町50,50,140,68,仲麹,2025/3/1,岡山雄町50,50,80,68,仲掛,2025/3/8,岡山雄町50,50,330,68,留麹,2025/3/6,岡山雄町50,50,90,68,留掛,2025/3/9,岡山雄町50,50,560,68,四段,2025/4/2,岡山雄町50,50,0
69,1350,2025/3/14,純吟55,純米吟醸酒,2025/4/6,226,69,モト麹,2025/2/20,兵庫山田錦50,50,30,69,モト掛,2025/2/25,兵庫山田錦50,50,50,69,初麹,2025/3/7,広島山田錦55,55,60,69,初掛,2025/3/10,八反錦55,55,140,69,仲麹,2025/3/9,広島山田錦55,55,80,69,仲掛,2025/3/12,八反錦55,55,330,69,留麹,2025/3/10,広島山田錦55,55,120,69,留掛,2025/3/13,八反錦55,55,540,69,四段,2025/4/4,八反錦55,55,30
70,1350,2025/3/16,純吟55,純米吟醸酒,2025/4/8,227,70,モト麹,2025/2/24,兵庫山田錦50,50,30,70,モト掛,2025/2/27,兵庫山田錦50,50,50,70,初麹,2025/3/9,広島山田錦55,55,60,70,初掛,2025/3/12,八反錦55,55,140,70,仲麹,2025/3/11,広島山田錦55,55,80,70,仲掛,2025/3/14,八反錦55,55,330,70,留麹,2025/3/12,広島山田錦55,55,120,70,留掛,2025/3/15,八反錦55,55,540,70,四段,2025/4/6,八反錦55,55,30
71,1350,2025/3/18,純吟55,純米吟醸酒,2025/4/10,62,71,モト麹,2025/2/26,兵庫山田錦50,50,30,71,モト掛,2025/3/1,兵庫山田錦50,50,50,71,初麹,2025/3/11,広島山田錦55,55,60,71,初掛,2025/3/14,八反錦55,55,140,71,仲麹,2025/3/13,広島山田錦55,55,80,71,仲掛,2025/3/16,八反錦55,55,330,71,留麹,2025/3/14,広島山田錦55,55,120,71,留掛,2025/3/17,八反錦55,55,540,71,四段,2025/4/8,八反錦55,55,30
72,1350,2025/3/20,純吟55,純米吟醸酒,2025/4/12,63,72,モト麹,2025/2/28,兵庫山田錦50,50,30,72,モト掛,2025/3/3,兵庫山田錦50,50,50,72,初麹,2025/3/13,広島山田錦55,55,60,72,初掛,2025/3/16,八反錦55,55,140,72,仲麹,2025/3/7,広島山田錦55,55,80,72,仲掛,2025/3/18,八反錦55,55,330,72,留麹,2025/3/16,広島山田錦55,55,112,72,留掛,2025/3/19,八反錦55,55,538,72,四段,2025/4/10,八反錦55,55,30
73,400,2025/3/22,純大雄町40,純米吟醸酒,2025/4/18,264,73,モト麹,2025/3/2,兵庫山田錦50,50,10,73,モト掛,2025/3/5,岡山雄町40,40,15,73,初麹,2025/3/15,岡山雄町40,40,20,73,初掛,2025/3/18,岡山雄町40,40,45,73,仲麹,2025/3/17,岡山雄町40,40,25,73,仲掛,2025/3/20,岡山雄町40,40,105,73,留麹,2025/3/17,岡山雄町40,40,25,73,留掛,2025/3/21,岡山雄町40,40,160,73,四段,2025/4/16,岡山雄町40,40,0
74,700,2025/3/24,純大雄町40,純米吟醸酒,2025/4/20,18,74,モト麹,2025/3/2,兵庫山田錦50,50,15,74,モト掛,2025/3/5,岡山雄町40,40,25,74,初麹,2025/3/17,岡山雄町40,40,35,74,初掛,2025/3/20,岡山雄町40,40,65,74,仲麹,2025/3/15,岡山雄町40,40,45,74,仲掛,2025/3/22,岡山雄町40,40,155,74,留麹,2025/3/20,岡山雄町40,40,45,74,留掛,2025/3/23,岡山雄町40,40,314,74,四段,2025/4/18,岡山雄町40,40,0
75,600,2025/3/26,純大雄町50,純米吟醸酒,2025/4/21,68,75,モト麹,2025/3/6,岡山雄町50,50,12,75,モト掛,2025/3/9,岡山雄町50,50,23,75,初麹,2025/3/19,岡山雄町50,50,30,75,初掛,2025/3/22,岡山雄町50,50,60,75,仲麹,2025/3/19,岡山雄町50,50,40,75,仲掛,2025/3/24,岡山雄町50,50,140,75,留麹,2025/3/22,岡山雄町50,50,40,75,留掛,2025/3/25,岡山雄町50,50,255,75,四段,2025/4/19,岡山雄町50,50,0
76,750,2025/3/28,純大白鶴錦48,純米吟醸酒,2025/4/22,10,76,モト麹,2025/3/6,岡山雄町50,50,15,76,モト掛,2025/3/11,白鶴錦48,48,25,76,初麹,2025/3/21,白鶴錦48,48,35,76,初掛,2025/3/24,白鶴錦48,48,75,76,仲麹,2025/3/23,白鶴錦48,48,45,76,仲掛,2025/3/26,白鶴錦48,48,175,76,留麹,2025/3/21,白鶴錦48,48,60,76,留掛,2025/3/27,白鶴錦48,48,330,76,四段,2025/4/20,白鶴錦48,48,20
77,750,2025/3/30,純大白鶴錦48,純米吟醸酒,2025/4/24,262,77,モト麹,2025/3/10,広島山田錦55,55,15,77,モト掛,2025/3/13,白鶴錦48,48,25,77,初麹,2025/3/23,白鶴錦48,48,35,77,初掛,2025/3/26,白鶴錦48,48,75,77,仲麹,2025/3/25,白鶴錦48,48,45,77,仲掛,2025/3/28,白鶴錦48,48,175,77,留麹,2025/3/26,白鶴錦48,48,60,77,留掛,2025/3/29,白鶴錦48,48,330,77,四段,2025/4/22,白鶴錦48,48,20
78,700,2025/4/1,純大白鶴錦48,純米吟醸酒,2025/4/26,263,78,モト麹,2025/3/10,広島山田錦55,55,15,78,モト掛,2025/3/13,白鶴錦48,48,25,78,初麹,2025/3/25,白鶴錦48,48,35,78,初掛,2025/3/28,白鶴錦48,48,65,78,仲麹,2025/3/26,白鶴錦48,48,45,78,仲掛,2025/3/30,白鶴錦48,48,155,78,留麹,2025/3/28,白鶴錦48,48,30,78,留掛,2025/3/31,白鶴錦48,48,310,78,四段,2025/4/24,白鶴錦48,48,20
79,1000,2025/4/3,大吟40/50,吟醸酒,2025/4/28,288,79,モト麹,2025/3/14,広島山田錦55,55,20,79,モト掛,2025/3/17,兵庫山田錦50,50,35,79,初麹,2025/3/27,兵庫山田錦40,40,45,79,初掛,2025/3/30,八反錦50,50,105,79,仲麹,2025/3/27,兵庫山田錦40,40,60,79,仲掛,2025/4/1,八反錦50,50,240,79,留麹,2025/3/30,兵庫山田錦40,40,90,79,留掛,2025/4/2,八反錦50,50,405,79,四段,2025/4/26,八反錦50,50,0
80,1000,2025/4/5,純大50JAL,純米吟醸酒,2025/4/30,888,80,モト麹,2025/3/16,広島山田錦55,55,20,80,モト掛,2025/3/19,兵庫山田錦50,50,35,80,初麹,2025/3/29,白鶴錦50,50,45,80,初掛,2025/4/1,萌えいぶき50,50,105,80,仲麹,2025/3/31,白鶴錦50,50,60,80,仲掛,2025/4/3,萌えいぶき50,50,240,80,留麹,2025/4/1,白鶴錦50,50,90,80,留掛,2025/4/4,萌えいぶき50,50,405,80,四段,2025/4/28,萌えいぶき50,50,30
81,1000,2025/4/7,純大50JAL,純米吟醸酒,2025/5/2,19,81,モト麹,2025/3/16,広島山田錦55,55,20,81,モト掛,2025/3/21,兵庫山田錦50,50,35,81,初麹,2025/3/31,白鶴錦50,50,45,81,初掛,2025/4/3,萌えいぶき50,50,105,81,仲麹,2025/3/29,白鶴錦50,50,60,81,仲掛,2025/4/5,萌えいぶき50,50,240,81,留麹,2025/4/3,白鶴錦50,50,90,81,留掛,2025/4/6,白鶴錦50,50,305,81,四段,2025/4/30,萌えいぶき50,50,30
82,1200,2025/4/9,純大八反35号50,純米吟醸酒,2025/5/4,64,82,モト麹,2025/3/20,岡山雄町40,40,25,82,モト掛,2025/3/23,兵庫山田錦50,50,45,82,初麹,2025/4/2,兵庫山田錦50,50,55,82,初掛,2025/4/5,八反35号50,50,125,82,仲麹,2025/4/4,兵庫山田錦50,50,75,82,仲掛,2025/4/7,八反35号50,50,285,82,留麹,2025/4/5,兵庫山田錦50,50,110,82,留掛,2025/4/8,八反35号50,50,480,82,四段,2025/5/2,八反35号50,50,30
83,1200,2025/4/11,純大八反35号50,純米吟醸酒,2025/5/5,6,83,モト麹,2025/3/22,岡山雄町50,50,25,83,モト掛,2025/3/25,兵庫山田錦50,50,45,83,初麹,2025/4/4,兵庫山田錦50,50,55,83,初掛,2025/4/7,八反35号50,50,125,83,仲麹,2025/4/2,兵庫山田錦50,50,75,83,仲掛,2025/4/9,八反35号50,50,285,83,留麹,2025/4/7,兵庫山田錦50,50,110,83,留掛,2025/4/10,八反35号50,50,485,83,四段,2025/5/3,八反35号50,50,30
84,1350,2025/4/13,純米60/65,純米酒,2025/5/6,28,84,モト麹,2025/3/24,八反錦60,60,30,84,モト掛,2025/3/27,八反錦60,60,50,84,初麹,2025/4/6,八反錦60,60,60,84,初掛,2025/4/9,加工用米65,65,140,84,仲麹,2025/4/8,八反錦60,60,80,84,仲掛,2025/4/11,加工用米65,65,330,84,留麹,2025/4/9,八反錦60,60,120,84,留掛,2025/4/12,加工用米65,65,534,84,四段,2025/5/4,加工用米65,65,30
85,1350,2025/4/15,純米60/65,純米酒,2025/5/8,225,85,モト麹,2025/3/24,八反錦60,60,30,85,モト掛,2025/3/29,八反錦60,60,50,85,初麹,2025/4/8,八反錦60,60,60,85,初掛,2025/4/11,加工用米65,65,140,85,仲麹,2025/4/6,八反錦60,60,80,85,仲掛,2025/4/13,加工用米65,65,330,85,留麹,2025/4/11,八反錦60,60,100,85,留掛,2025/4/14,加工用米65,65,526,85,四段,2025/5/6,加工用米65,65,30
86,1220,2025/4/19,特純13度60,純米吟醸酒,2025/5/12,226,86,モト麹,2025/3/24,八反錦60,60,25,86,モト掛,2025/4/2,兵庫山田錦50,50,40,86,初麹,2025/4/12,岡山山田錦60,60,55,86,初掛,2025/4/15,岡山山田錦60,60,115,86,仲麹,2025/4/14,岡山山田錦60,60,70,86,仲掛,2025/4/17,岡山山田錦60,60,270,86,留麹,2025/4/13,岡山山田錦60,60,100,86,留掛,2025/4/18,岡山山田錦60,60,425,86,四段,2025/5/10,岡山山田錦60,60,130
87,1220,2025/4/21,特純13度60,純米吟醸酒,2025/5/14,227,87,モト麹,2025/4/1,白鶴錦50,50,25,87,モト掛,2025/4/4,兵庫山田錦50,50,40,87,初麹,2025/4/14,岡山山田錦60,60,55,87,初掛,2025/4/17,広島山田錦(3等)60,60,115,87,仲麹,2025/4/12,岡山山田錦60,60,70,87,仲掛,2025/4/19,広島山田錦(3等)60,60,270,87,留麹,2025/4/17,岡山山田錦60,60,100,87,留掛,2025/4/20,広島山田錦(3等)60,60,431,87,四段,2025/5/12,広島山田錦(3等)60,60,120
88,1350,2025/4/23,純米八反錦65,純米酒,2025/5/16,62,88,モト麹,2025/4/3,白鶴錦50,50,30,88,モト掛,2025/4/6,八反錦60,60,50,88,初麹,2025/4/16,八反錦65,65,60,88,初掛,2025/4/19,八反錦65,65,140,88,仲麹,2025/4/18,八反錦65,65,80,88,仲掛,2025/4/21,八反錦65,65,330,88,留麹,2025/4/19,八反錦65,65,120,88,留掛,2025/4/22,八反錦65,65,540,88,四段,2025/5/14,八反錦65,65,40
89,1350,2025/4/25,純米八反錦65,純米酒,2025/5/18,63,89,モト麹,2025/4/5,兵庫山田錦50,50,30,89,モト掛,2025/4/8,八反錦60,60,50,89,初麹,2025/4/18,八反錦65,65,60,89,初掛,2025/4/21,八反錦原形65,65,140,89,仲麹,2025/4/16,八反錦65,65,80,89,仲掛,2025/4/23,八反錦原形65,65,330,89,留麹,2025/4/21,八反錦65,65,120,89,留掛,2025/4/24,八反錦原形65,65,440,89,四段,2025/5/16,八反錦原形65,65,30
90,900,2025/4/27,純吟50/60,純米吟醸酒,2025/5/20,18,90,モト麹,2025/4/7,兵庫山田錦50,50,20,90,モト掛,2025/4/10,八反錦60,60,30,90,初麹,2025/4/20,広島山田錦50,50,40,90,初掛,2025/4/23,八反錦(未希米)60,60,95,90,仲麹,2025/4/22,広島山田錦50,50,55,90,仲掛,2025/4/25,八反錦(未希米)60,60,215,90,留麹,2025/4/23,広島山田錦50,50,80,90,留掛,2025/4/26,八反錦(未希米)60,60,392,90,四段,2025/5/18,八反錦60,60,30
91,1350,2025/4/29,純吟50/60,純米吟醸酒,2025/5/22,33,91,モト麹,2025/4/9,八反錦60,60,30,91,モト掛,2025/4/12,八反錦60,60,50,91,初麹,2025/4/22,広島山田錦50,50,60,91,初掛,2025/4/25,八反錦原形60,60,140,91,仲麹,2025/4/24,広島山田錦50,50,80,91,仲掛,2025/4/27,八反錦原形60,60,330,91,留麹,2025/4/25,広島山田錦50,50,120,91,留掛,2025/4/28,八反錦原形60,60,410,91,四段,2025/5/20,八反錦60,60,30
92,1350,2025/5/1,純吟50/60,純米吟醸酒,2025/5/24,103,92,モト麹,2025/4/11,八反錦60,60,30,92,モト掛,2025/4/14,八反錦60,60,50,92,初麹,2025/4/24,広島山田錦50,50,60,92,初掛,2025/4/27,八反錦原形60,60,140,92,仲麹,2025/4/20,広島山田錦50,50,80,92,仲掛,2025/4/29,八反錦原形60,60,330,92,留麹,2025/4/27,広島山田錦50,50,120,92,留掛,2025/4/30,八反錦60,60,540,92,四段,2025/5/22,八反錦60,60,0
93,600,2025/5/3,特純13度60,純米吟醸酒,2025/5/26,10,93,モト麹,2025/4/13,岡山山田錦60,60,12,93,モト掛,2025/4/16,岡山山田錦60,60,23,93,初麹,2025/4/26,岡山山田錦60,60,30,93,初掛,2025/4/29,岡山山田錦60,60,60,93,仲麹,2025/4/26,岡山山田錦60,60,40,93,仲掛,2025/5/1,岡山山田錦60,60,140,93,留麹,2025/4/26,岡山山田錦60,60,50,93,留掛,2025/5/2,岡山山田錦60,60,294,93,四段,2025/5/24,岡山山田錦60,60,70
94,600,2025/5/5,大吟40,吟醸酒,2025/5/30,263,94,モト麹,2025/4/13,岡山山田錦60,60,12,94,モト掛,2025/4/18,岡山山田錦40,40,23,94,初麹,2025/4/28,岡山山田錦40,40,30,94,初掛,2025/5/1,岡山山田錦40,40,60,94,仲麹,2025/4/28,岡山山田錦40,40,40,94,仲掛,2025/5/3,岡山山田錦40,40,140,94,留麹,2025/4/28,岡山山田錦40,40,50,94,留掛,2025/5/4,岡山山田錦40,40,245,94,四段,2025/5/28,岡山山田錦40,40,0
95,500,2025/5/7,愛山60,純米吟醸酒,2025/5/31,68,95,モト麹,2025/4/17,岡山山田錦60,60,10,95,モト掛,2025/4/20,愛山60,60,20,95,初麹,2025/4/30,愛山60,60,25,95,初掛,2025/5/3,愛山60,60,50,95,仲麹,2025/4/30,愛山60,60,30,95,仲掛,2025/5/5,愛山60,60,120,95,留麹,2025/4/30,愛山60,60,40,95,留掛,2025/5/6,愛山60,60,205,95,四段,2025/5/29,愛山60,60,40
96,1000,2025/5/9,純吟50/60原形,純米吟醸酒,2025/6/1,19,96,モト麹,2025/4/19,八反錦65,65,20,96,モト掛,2025/4/22,岡山山田錦60,60,35,96,初麹,2025/5/2,岡山山田錦60,60,45,96,初掛,2025/5/5,千本錦原形60,60,105,96,仲麹,2025/5/2,岡山山田錦60,60,60,96,仲掛,2025/5/7,千本錦原形60,60,240,96,留麹,2025/5/5,岡山山田錦60,60,90,96,留掛,2025/5/8,千本錦原形60,60,405,96,四段,2025/5/30,千本錦原形60,60,96
97,1350,2025/5/11,純吟山田錦50/55,純米吟醸酒,2025/6/3,64,97,モト麹,2025/4/20,広島山田錦50,50,30,97,モト掛,2025/4/24,広島山田錦50,50,50,97,初麹,2025/5/4,広島山田錦50,50,60,97,初掛,2025/5/7,広島山田錦55,55,140,97,仲麹,2025/5/6,広島山田錦50,50,80,97,仲掛,2025/5/9,広島山田錦55,55,330,97,留麹,2025/5/7,広島山田錦50,50,120,97,留掛,2025/5/10,広島山田錦55,55,540,97,四段,2025/6/1,広島山田錦55,55,30
98,1350,2025/5/13,純吟山田錦50/55,純米吟醸酒,2025/6/5,6,98,モト麹,2025/4/23,広島山田錦50,50,30,98,モト掛,2025/4/26,広島山田錦50,50,50,98,初麹,2025/5/6,広島山田錦50,50,60,98,初掛,2025/5/9,広島山田錦55,55,140,98,仲麹,2025/5/4,広島山田錦50,50,80,98,仲掛,2025/5/11,広島山田錦55,55,330,98,留麹,2025/5/9,広島山田錦50,50,115,98,留掛,2025/5/12,広島山田錦55,55,540,98,四段,2025/6/3,広島山田錦55,55,29
99,1350,2025/5/15,吟醸60,吟醸酒,2025/6/7,28,99,モト麹,2025/4/25,広島山田錦50,50,30,99,モト掛,2025/4/28,八反錦60,60,50,99,初麹,2025/5/8,八反錦60,60,60,99,初掛,2025/5/11,加工用米60,60,140,99,仲麹,2025/5/10,八反錦60,60,80,99,仲掛,2025/5/13,加工用米60,60,330,99,留麹,2025/5/11,八反錦60,60,120,99,留掛,2025/5/14,加工用米60,60,532,99,四段,2025/6/5,加工用米60,60,40
100,1350,2025/5/17,純米60/65,純米酒,2025/6/9,225,100,モト麹,2025/4/27,広島山田錦50,50,30,100,モト掛,2025/4/30,八反錦60,60,50,100,初麹,2025/5/10,八反錦60,60,60,100,初掛,2025/5/13,加工用米65,65,140,100,仲麹,2025/5/12,八反錦60,60,80,100,仲掛,2025/5/15,加工用米65,65,330,100,留麹,2025/5/13,八反錦60,60,120,100,留掛,2025/5/16,加工用米65,65,514,100,四段,2025/6/7,加工用米65,65,30
101,1350,2025/5/19,純米60/65,純米酒,2025/6/11,226,101,モト麹,2025/4/29,八反錦60,60,30,101,モト掛,2025/5/2,八反錦60,60,50,101,初麹,2025/5/12,八反錦60,60,60,101,初掛,2025/5/15,加工用米65,65,140,101,仲麹,2025/5/8,八反錦60,60,80,101,仲掛,2025/5/17,加工用米65,65,330,101,留麹,2025/5/15,八反錦60,60,120,101,留掛,2025/5/18,加工用米65,65,534,101,四段,2025/6/9,加工用米65,65,4
102,1350,2025/5/21,純米八反錦65,純米酒,2025/6/13,227,102,モト麹,2025/4/29,八反錦60,60,30,102,モト掛,2025/5/4,八反錦60,60,50,102,初麹,2025/5/14,八反錦65,65,60,102,初掛,2025/5/17,八反錦65,65,140,102,仲麹,2025/5/14,八反錦65,65,80,102,仲掛,2025/5/19,八反錦65,65,330,102,留麹,2025/5/17,八反錦65,65,120,102,留掛,2025/5/20,八反錦65,65,540,102,四段,2025/6/11,八反錦65,65,14
103,1350,2025/5/23,純米70,純米酒,2025/6/15,62,103,モト麹,2025/4/29,八反錦60,60,30,103,モト掛,2025/5/6,八反錦60,60,50,103,初麹,2025/5/16,八反錦70,70,60,103,初掛,2025/5/19,加工用米70,70,140,103,仲麹,2025/5/18,八反錦70,70,80,103,仲掛,2025/5/21,加工用米70,70,330,103,留麹,2025/5/19,八反錦70,70,120,103,留掛,2025/5/22,加工用米70,70,540,103,四段,2025/6/13,加工用米70,70,0
104,1350,2025/5/25,純米70,純米酒,2025/6/17,63,104,モト麹,2025/4/29,八反錦60,60,30,104,モト掛,2025/5/8,八反錦60,60,50,104,初麹,2025/5/18,八反錦70,70,60,104,初掛,2025/5/21,加工用米70,70,140,104,仲麹,2025/5/16,八反錦70,70,80,104,仲掛,2025/5/23,加工用米70,70,330,104,留麹,2025/5/21,八反錦70,70,125,104,留掛,2025/5/24,加工用米70,70,536,104,四段,2025/6/15,加工用米70,70,0
PinkA,151,2024/10/5,Pink,純米酒,2024/10/24,?,PinkA,モト麹,2024/9/30,乾燥麹70,70,46,PinkA,モト掛,2024/10/3,R5加工用米70,70,105,,,,,,,,,,,,,,,,,,,,,,,,,,,,,,,,,,,,,,,,,,
PinkB,151,2024/10/8,Pink,純米酒,2024/10/27,?,PinkB,モト麹,2024/10/1,乾燥麹70,70,46,PinkB,モト掛,2024/10/4,R5加工用米70,70,105,,,,,,,,,,,,,,,,,,,,,,,,,,,,,,,,,,,,,,,,,,
PinkC,151,2024/10/9,Pink,純米酒,2024/10/28,?,PinkC,モト麹,2024/10/3,乾燥麹70,70,46,PinkC,モト掛,2024/10/6,R5加工用米70,70,105,,,,,,,,,,,,,,,,,,,,,,,,,,,,,,,,,,,,,,,,,,
PinkD,151,2024/10/10,Pink,純米酒,2024/10/29,?,PinkD,モト麹,2024/10/4,乾燥麹70,70,46,PinkD,モト掛,2024/10/7,R5加工用米70,70,105,,,,,,,,,,,,,,,,,,,,,,,,,,,,,,,,,,,,,,,,,,
PinkE,151,2025/5/12,Pink,純米酒,2025/5/31,?,PinkE,モト麹,2025/5/8,乾燥麹70,70,46,PinkE,モト掛,2025/5/11,加工用米70,70,105,,,,,,,,,,,,,,,,,,,,,,,,,,,,,,,,,,,,,,,,,,
PinkF,151,2025/5/14,Pink,純米酒,2025/6/2,?,PinkF,モト麹,2025/5/10,乾燥麹70,70,46,PinkF,モト掛,2025/5/13,加工用米70,70,105,,,,,,,,,,,,,,,,,,,,,,,,,,,,,,,,,,,,,,,,,,
PinkG,151,2025/5/16,Pink,純米酒,2025/6/4,?,PinkG,モト麹,2025/5/12,乾燥麹70,70,46,PinkG,モト掛,2025/5/15,加工用米70,70,105,,,,,,,,,,,,,,,,,,,,,,,,,,,,,,,,,,,,,,,,,,
PinkH,151,2025/5/18,Pink,純米酒,2025/6/6,?,PinkH,モト麹,2025/5/14,乾燥麹70,70,46,PinkH,モト掛,2025/5/17,加工用米70,70,105,,,,,,,,,,,,,,,,,,,,,,,,,,,,,,,,,,,,,,,,,,
PinkI,151,2025/5/20,Pink,純米酒,2025/6/8,?,PinkI,モト麹,2025/5/16,乾燥麹70,70,46,PinkI,モト掛,2025/5/19,加工用米70,70,105,,,,,,,,,,,,,,,,,,,,,,,,,,,,,,,,,,,,,,,,,,
PinkJ,151,2025/5/22,Pink,純米酒,2025/6/10,?,PinkJ,モト麹,2025/5/18,乾燥麹70,70,46,PinkJ,モト掛,2025/5/21,加工用米70,70,105,,,,,,,,,,,,,,,,,,,,,,,,,,,,,,,,,,,,,,,,,,